№,Name,Price,Image URL
1,  DIGMA    / Ноутбук Magnus M Ryzen 5 5600U 16Gb SSD512Gb W11P             ,                    52 691 ₽                ,https://basket-11.wbbasket.ru/vol1628/part162896/162896740/images/c516x688/1.jpg
2,  TopTrend    / Ноутбук FRBBY V16 Pro             ,                    25 925 ₽                ,https://basket-12.wbbasket.ru/vol1886/part188649/188649197/images/c516x688/1.jpg
3,     lenovo    / Игровой ноутбук Legion Pro 5 16IRX8 [82WK003VRK]             ,                    139 025 ₽                ,https://basket-13.wbbasket.ru/vol1960/part196045/196045518/images/c516x688/1.jpg
4,"  Ноутбук 14"" IPS 4-Ядра 8GB SSD 256GB    / Ноутбук 14"" 4-Ядра IPS 1920х1080 FHD RAM 8Gb SSD 256Gb             ",                    18 492 ₽                ,https://basket-13.wbbasket.ru/vol2023/part202373/202373744/images/c516x688/1.jpg
5,"     lenovo    / Ноутбук ThinkPad T480 i5-8250U 14""             ",                    32 663 ₽                ,https://basket-10.wbbasket.ru/vol1586/part158602/158602316/images/c516x688/1.jpg
6,"  Smartx    / Ноутбук 14.1"" W10pro SSD512GB Intel Celeron J4105 6 GB             ",                    21 705 ₽                ,https://basket-12.wbbasket.ru/vol1692/part169234/169234407/images/c516x688/1.jpg
7,     Infinix    / Inbook Y1 NEO XL30             ,                    27 668 ₽                ,https://basket-12.wbbasket.ru/vol1776/part177640/177640375/images/c516x688/1.jpg
8,"  Compolis    / Ноутбук 15.6"" IPS 4-Ядра 16GB SSD 512GB             ",                    31 900 ₽                ,https://basket-12.wbbasket.ru/vol1695/part169592/169592183/images/c516x688/1.jpg
9,     Asus    / Ноутбук Vivobook Go 14 E1404FA-EB045 [90NB0ZS2-M00670]             ,                    38 573 ₽                ,https://basket-13.wbbasket.ru/vol1965/part196503/196503330/images/c516x688/1.jpg
10,"  CHUWI    / Ноутбук Corebook X 14'',Intel i5-1235U, Win11 HOME             ",                    42 423 ₽                ,https://basket-10.wbbasket.ru/vol1510/part151049/151049767/images/c516x688/1.jpg
11,  MAIBENBEN    / Ноутбук P415 i3-1115G4 3000x2000 8ГБ+512ГБ Сенсорный экран             ,                    33 999 ₽                ,https://basket-12.wbbasket.ru/vol1827/part182780/182780413/images/c516x688/1.jpg
12,     Acer    / Игровой ноутбук Nitro 5 AN515-58-56W4 [NH.QFJER.002]             ,                    78 465 ₽                ,https://basket-12.wbbasket.ru/vol1723/part172331/172331047/images/c516x688/1.jpg
13,"  DeltaTech    / Ноутбук 15.6"" IPS 4-Ядра RAM DDR5 12GB SSD 512GB (M.2)             ",                    37 064 ₽                ,https://basket-10.wbbasket.ru/vol1594/part159496/159496818/images/c516x688/1.jpg
14,     Infinix    / Inbook Y1 PLUS 10TH XL28             ,                    35 692 ₽                ,https://basket-12.wbbasket.ru/vol1776/part177648/177648109/images/c516x688/1.jpg
15,"  DeltaTech    / Ноутбук игровой i7 1260P MX 550 16"" 20GB DDR4 SSD 512GB             ",                    72 924 ₽                ,https://basket-12.wbbasket.ru/vol1762/part176261/176261398/images/c516x688/1.jpg
16,"  DeltaTech    / Ноутбук сенсорный 15.6"" IPS 4-Ядра RAM 12GB DDR5 и SSD 512GB             ",                    52 014 ₽                ,https://basket-11.wbbasket.ru/vol1639/part163986/163986624/images/c516x688/1.jpg
17,     Asus    / Ноутбук ROG i7 16Gb 512Gb 3050Ti DOS [90NR0941-M002E0]             ,                    98 611 ₽                ,https://basket-12.wbbasket.ru/vol1711/part171184/171184641/images/c516x688/1.jpg
18,"  CHUWI    / Ноутбук Corebook X 14'',Intel i5-1235U, Win11 HOME             ",                    40 026 ₽                ,https://basket-10.wbbasket.ru/vol1510/part151049/151049766/images/c516x688/1.jpg
19,     lenovo    / Игровой ноутбук Legion Pro 7 16IRX8 [82WR000VRK]             ,                    205 784 ₽                ,https://basket-13.wbbasket.ru/vol1960/part196045/196045521/images/c516x688/1.jpg
20,     Acer    / Ноутбук EX215-22-R5D4 15.6 Ryzen 3 8Gb (NX.EG9ER.02M)             ,                    40 542 ₽                ,https://basket-10.wbbasket.ru/vol1497/part149763/149763680/images/c516x688/1.jpg
21,     Apple    / MacBook Air 13 M2 8 512 (Space Grey)             ,                    135 993 ₽                ,https://basket-12.wbbasket.ru/vol1722/part172229/172229456/images/c516x688/1.jpg
22,"  DIGMA    / Ноутбук EVE 15 C423 15.6"" Ryzen 3 3200U 16Gb SSD512Gb W11Pro             ",                    30 591 ₽                ,https://basket-10.wbbasket.ru/vol1530/part153035/153035406/images/c516x688/1.jpg
23,"     lenovo    / Ноутбук 82HL005TRK(Cel 15,6 1Тб 4Гб UMA noOS)             ",                    29 380 ₽                ,https://basket-10.wbbasket.ru/vol1388/part138864/138864375/images/c516x688/1.jpg
24,"  DIGMA    / Ноутбук EVE 15 C423 15.6"" Ryzen 3 3200U 8Gb SSD512Gb W11Pro             ",                    28 891 ₽                ,https://basket-12.wbbasket.ru/vol1811/part181176/181176233/images/c516x688/1.jpg
25,     Acer    / Ноутбук Aspire 3 A314-35 NX.A7SER.00G             ,                    29 648 ₽                ,https://basket-12.wbbasket.ru/vol1723/part172331/172331070/images/c516x688/1.jpg
26,     Apple    / MacBook Air 13 M2 8 256 (Space Grey)             ,                    107 433 ₽                ,https://basket-12.wbbasket.ru/vol1722/part172232/172232336/images/c516x688/1.jpg
27,     lenovo    / Ноутбук Legion 5 Pro             ,                    155 805 ₽                ,https://basket-13.wbbasket.ru/vol1964/part196451/196451519/images/c516x688/1.jpg
28,     Asus    / Ноутбук игровой VivoBook Pro 15 M6500QC-HN089             ,                    79 891 ₽                ,https://basket-10.wbbasket.ru/vol1403/part140304/140304110/images/c516x688/1.jpg
29,     Acer    / Ноутбук Aspire 3 A315-35 NX.A6LER.004             ,                    33 993 ₽                ,https://basket-12.wbbasket.ru/vol1723/part172331/172331046/images/c516x688/1.jpg
30,     lenovo    / Игровой ноутбук Legion Slim 5 16APH8 [82Y9001PRK]             ,                    88 732 ₽                ,https://basket-12.wbbasket.ru/vol1799/part179950/179950270/images/c516x688/1.jpg
31,  DIGMA    / Ноутбук Magnus M Ryzen 5 5600U 16Gb SSD512Gb W11P             ,                    52 691 ₽                ,https://basket-11.wbbasket.ru/vol1628/part162896/162896740/images/c516x688/1.jpg
32,  TopTrend    / Ноутбук FRBBY V16 Pro             ,                    25 925 ₽                ,https://basket-12.wbbasket.ru/vol1886/part188649/188649197/images/c516x688/1.jpg
33,     lenovo    / Игровой ноутбук Legion Pro 5 16IRX8 [82WK003VRK]             ,                    139 025 ₽                ,https://basket-13.wbbasket.ru/vol1960/part196045/196045518/images/c516x688/1.jpg
34,"  Ноутбук 14"" IPS 4-Ядра 8GB SSD 256GB    / Ноутбук 14"" 4-Ядра IPS 1920х1080 FHD RAM 8Gb SSD 256Gb             ",                    18 492 ₽                ,https://basket-13.wbbasket.ru/vol2023/part202373/202373744/images/c516x688/1.jpg
35,"     lenovo    / Ноутбук ThinkPad T480 i5-8250U 14""             ",                    32 663 ₽                ,https://basket-10.wbbasket.ru/vol1586/part158602/158602316/images/c516x688/1.jpg
36,"  Smartx    / Ноутбук 14.1"" W10pro SSD512GB Intel Celeron J4105 6 GB             ",                    21 705 ₽                ,https://basket-12.wbbasket.ru/vol1692/part169234/169234407/images/c516x688/1.jpg
37,     Infinix    / Inbook Y1 NEO XL30             ,                    27 668 ₽                ,https://basket-12.wbbasket.ru/vol1776/part177640/177640375/images/c516x688/1.jpg
38,"  Compolis    / Ноутбук 15.6"" IPS 4-Ядра 16GB SSD 512GB             ",                    31 900 ₽                ,https://basket-12.wbbasket.ru/vol1695/part169592/169592183/images/c516x688/1.jpg
39,     Asus    / Ноутбук Vivobook Go 14 E1404FA-EB045 [90NB0ZS2-M00670]             ,                    38 573 ₽                ,https://basket-13.wbbasket.ru/vol1965/part196503/196503330/images/c516x688/1.jpg
40,"  CHUWI    / Ноутбук Corebook X 14'',Intel i5-1235U, Win11 HOME             ",                    42 423 ₽                ,https://basket-10.wbbasket.ru/vol1510/part151049/151049767/images/c516x688/1.jpg
41,  MAIBENBEN    / Ноутбук P415 i3-1115G4 3000x2000 8ГБ+512ГБ Сенсорный экран             ,                    33 999 ₽                ,https://basket-12.wbbasket.ru/vol1827/part182780/182780413/images/c516x688/1.jpg
42,     Acer    / Игровой ноутбук Nitro 5 AN515-58-56W4 [NH.QFJER.002]             ,                    78 465 ₽                ,https://basket-12.wbbasket.ru/vol1723/part172331/172331047/images/c516x688/1.jpg
43,"  DeltaTech    / Ноутбук 15.6"" IPS 4-Ядра RAM DDR5 12GB SSD 512GB (M.2)             ",                    37 064 ₽                ,https://basket-10.wbbasket.ru/vol1594/part159496/159496818/images/c516x688/1.jpg
44,     Infinix    / Inbook Y1 PLUS 10TH XL28             ,                    35 692 ₽                ,https://basket-12.wbbasket.ru/vol1776/part177648/177648109/images/c516x688/1.jpg
45,"  DeltaTech    / Ноутбук игровой i7 1260P MX 550 16"" 20GB DDR4 SSD 512GB             ",                    72 924 ₽                ,https://basket-12.wbbasket.ru/vol1762/part176261/176261398/images/c516x688/1.jpg
46,"  DeltaTech    / Ноутбук сенсорный 15.6"" IPS 4-Ядра RAM 12GB DDR5 и SSD 512GB             ",                    52 014 ₽                ,https://basket-11.wbbasket.ru/vol1639/part163986/163986624/images/c516x688/1.jpg
47,     Asus    / Ноутбук ROG i7 16Gb 512Gb 3050Ti DOS [90NR0941-M002E0]             ,                    98 611 ₽                ,https://basket-12.wbbasket.ru/vol1711/part171184/171184641/images/c516x688/1.jpg
48,"  CHUWI    / Ноутбук Corebook X 14'',Intel i5-1235U, Win11 HOME             ",                    40 026 ₽                ,https://basket-10.wbbasket.ru/vol1510/part151049/151049766/images/c516x688/1.jpg
49,     lenovo    / Игровой ноутбук Legion Pro 7 16IRX8 [82WR000VRK]             ,                    205 784 ₽                ,https://basket-13.wbbasket.ru/vol1960/part196045/196045521/images/c516x688/1.jpg
50,     Acer    / Ноутбук EX215-22-R5D4 15.6 Ryzen 3 8Gb (NX.EG9ER.02M)             ,                    40 542 ₽                ,https://basket-10.wbbasket.ru/vol1497/part149763/149763680/images/c516x688/1.jpg
51,     Apple    / MacBook Air 13 M2 8 512 (Space Grey)             ,                    135 993 ₽                ,https://basket-12.wbbasket.ru/vol1722/part172229/172229456/images/c516x688/1.jpg
52,"  DIGMA    / Ноутбук EVE 15 C423 15.6"" Ryzen 3 3200U 16Gb SSD512Gb W11Pro             ",                    30 591 ₽                ,https://basket-10.wbbasket.ru/vol1530/part153035/153035406/images/c516x688/1.jpg
53,"     lenovo    / Ноутбук 82HL005TRK(Cel 15,6 1Тб 4Гб UMA noOS)             ",                    29 380 ₽                ,https://basket-10.wbbasket.ru/vol1388/part138864/138864375/images/c516x688/1.jpg
54,"  DIGMA    / Ноутбук EVE 15 C423 15.6"" Ryzen 3 3200U 8Gb SSD512Gb W11Pro             ",                    28 891 ₽                ,https://basket-12.wbbasket.ru/vol1811/part181176/181176233/images/c516x688/1.jpg
55,     Acer    / Ноутбук Aspire 3 A314-35 NX.A7SER.00G             ,                    29 648 ₽                ,https://basket-12.wbbasket.ru/vol1723/part172331/172331070/images/c516x688/1.jpg
56,     Apple    / MacBook Air 13 M2 8 256 (Space Grey)             ,                    107 433 ₽                ,https://basket-12.wbbasket.ru/vol1722/part172232/172232336/images/c516x688/1.jpg
57,     lenovo    / Ноутбук Legion 5 Pro             ,                    155 805 ₽                ,https://basket-13.wbbasket.ru/vol1964/part196451/196451519/images/c516x688/1.jpg
58,     Asus    / Ноутбук игровой VivoBook Pro 15 M6500QC-HN089             ,                    79 891 ₽                ,https://basket-10.wbbasket.ru/vol1403/part140304/140304110/images/c516x688/1.jpg
59,     Acer    / Ноутбук Aspire 3 A315-35 NX.A6LER.004             ,                    33 993 ₽                ,https://basket-12.wbbasket.ru/vol1723/part172331/172331046/images/c516x688/1.jpg
60,     lenovo    / Игровой ноутбук Legion Slim 5 16APH8 [82Y9001PRK]             ,                    88 732 ₽                ,https://basket-12.wbbasket.ru/vol1799/part179950/179950270/images/c516x688/1.jpg
61,  DIGMA    / Ноутбук Magnus M Ryzen 5 5600U 16Gb SSD512Gb W11P             ,                    52 691 ₽                ,https://basket-11.wbbasket.ru/vol1628/part162896/162896740/images/c516x688/1.jpg
62,  TopTrend    / Ноутбук FRBBY V16 Pro             ,                    25 925 ₽                ,https://basket-12.wbbasket.ru/vol1886/part188649/188649197/images/c516x688/1.jpg
63,     lenovo    / Игровой ноутбук Legion Pro 5 16IRX8 [82WK003VRK]             ,                    139 025 ₽                ,https://basket-13.wbbasket.ru/vol1960/part196045/196045518/images/c516x688/1.jpg
64,"  Ноутбук 14"" IPS 4-Ядра 8GB SSD 256GB    / Ноутбук 14"" 4-Ядра IPS 1920х1080 FHD RAM 8Gb SSD 256Gb             ",                    18 492 ₽                ,https://basket-13.wbbasket.ru/vol2023/part202373/202373744/images/c516x688/1.jpg
65,"     lenovo    / Ноутбук ThinkPad T480 i5-8250U 14""             ",                    32 663 ₽                ,https://basket-10.wbbasket.ru/vol1586/part158602/158602316/images/c516x688/1.jpg
66,"  Smartx    / Ноутбук 14.1"" W10pro SSD512GB Intel Celeron J4105 6 GB             ",                    21 705 ₽                ,https://basket-12.wbbasket.ru/vol1692/part169234/169234407/images/c516x688/1.jpg
67,     Infinix    / Inbook Y1 NEO XL30             ,                    27 668 ₽                ,https://basket-12.wbbasket.ru/vol1776/part177640/177640375/images/c516x688/1.jpg
68,"  Compolis    / Ноутбук 15.6"" IPS 4-Ядра 16GB SSD 512GB             ",                    31 900 ₽                ,https://basket-12.wbbasket.ru/vol1695/part169592/169592183/images/c516x688/1.jpg
69,     Asus    / Ноутбук Vivobook Go 14 E1404FA-EB045 [90NB0ZS2-M00670]             ,                    38 573 ₽                ,https://basket-13.wbbasket.ru/vol1965/part196503/196503330/images/c516x688/1.jpg
70,"  CHUWI    / Ноутбук Corebook X 14'',Intel i5-1235U, Win11 HOME             ",                    42 423 ₽                ,https://basket-10.wbbasket.ru/vol1510/part151049/151049767/images/c516x688/1.jpg
71,  MAIBENBEN    / Ноутбук P415 i3-1115G4 3000x2000 8ГБ+512ГБ Сенсорный экран             ,                    33 999 ₽                ,https://basket-12.wbbasket.ru/vol1827/part182780/182780413/images/c516x688/1.jpg
72,     Acer    / Игровой ноутбук Nitro 5 AN515-58-56W4 [NH.QFJER.002]             ,                    78 465 ₽                ,https://basket-12.wbbasket.ru/vol1723/part172331/172331047/images/c516x688/1.jpg
73,"  DeltaTech    / Ноутбук 15.6"" IPS 4-Ядра RAM DDR5 12GB SSD 512GB (M.2)             ",                    37 064 ₽                ,https://basket-10.wbbasket.ru/vol1594/part159496/159496818/images/c516x688/1.jpg
74,     Infinix    / Inbook Y1 PLUS 10TH XL28             ,                    35 692 ₽                ,https://basket-12.wbbasket.ru/vol1776/part177648/177648109/images/c516x688/1.jpg
75,"  DeltaTech    / Ноутбук игровой i7 1260P MX 550 16"" 20GB DDR4 SSD 512GB             ",                    72 924 ₽                ,https://basket-12.wbbasket.ru/vol1762/part176261/176261398/images/c516x688/1.jpg
76,"  DeltaTech    / Ноутбук сенсорный 15.6"" IPS 4-Ядра RAM 12GB DDR5 и SSD 512GB             ",                    52 014 ₽                ,https://basket-11.wbbasket.ru/vol1639/part163986/163986624/images/c516x688/1.jpg
77,     Asus    / Ноутбук ROG i7 16Gb 512Gb 3050Ti DOS [90NR0941-M002E0]             ,                    98 611 ₽                ,https://basket-12.wbbasket.ru/vol1711/part171184/171184641/images/c516x688/1.jpg
78,"  CHUWI    / Ноутбук Corebook X 14'',Intel i5-1235U, Win11 HOME             ",                    40 026 ₽                ,https://basket-10.wbbasket.ru/vol1510/part151049/151049766/images/c516x688/1.jpg
79,     lenovo    / Игровой ноутбук Legion Pro 7 16IRX8 [82WR000VRK]             ,                    205 784 ₽                ,https://basket-13.wbbasket.ru/vol1960/part196045/196045521/images/c516x688/1.jpg
80,     Acer    / Ноутбук EX215-22-R5D4 15.6 Ryzen 3 8Gb (NX.EG9ER.02M)             ,                    40 542 ₽                ,https://basket-10.wbbasket.ru/vol1497/part149763/149763680/images/c516x688/1.jpg
81,     Apple    / MacBook Air 13 M2 8 512 (Space Grey)             ,                    135 993 ₽                ,https://basket-12.wbbasket.ru/vol1722/part172229/172229456/images/c516x688/1.jpg
82,"  DIGMA    / Ноутбук EVE 15 C423 15.6"" Ryzen 3 3200U 16Gb SSD512Gb W11Pro             ",                    30 591 ₽                ,https://basket-10.wbbasket.ru/vol1530/part153035/153035406/images/c516x688/1.jpg
83,"     lenovo    / Ноутбук 82HL005TRK(Cel 15,6 1Тб 4Гб UMA noOS)             ",                    29 380 ₽                ,https://basket-10.wbbasket.ru/vol1388/part138864/138864375/images/c516x688/1.jpg
84,"  DIGMA    / Ноутбук EVE 15 C423 15.6"" Ryzen 3 3200U 8Gb SSD512Gb W11Pro             ",                    28 891 ₽                ,https://basket-12.wbbasket.ru/vol1811/part181176/181176233/images/c516x688/1.jpg
85,     Acer    / Ноутбук Aspire 3 A314-35 NX.A7SER.00G             ,                    29 648 ₽                ,https://basket-12.wbbasket.ru/vol1723/part172331/172331070/images/c516x688/1.jpg
86,     Apple    / MacBook Air 13 M2 8 256 (Space Grey)             ,                    107 433 ₽                ,https://basket-12.wbbasket.ru/vol1722/part172232/172232336/images/c516x688/1.jpg
87,     lenovo    / Ноутбук Legion 5 Pro             ,                    155 805 ₽                ,https://basket-13.wbbasket.ru/vol1964/part196451/196451519/images/c516x688/1.jpg
88,     Asus    / Ноутбук игровой VivoBook Pro 15 M6500QC-HN089             ,                    79 891 ₽                ,https://basket-10.wbbasket.ru/vol1403/part140304/140304110/images/c516x688/1.jpg
89,     Acer    / Ноутбук Aspire 3 A315-35 NX.A6LER.004             ,                    33 993 ₽                ,https://basket-12.wbbasket.ru/vol1723/part172331/172331046/images/c516x688/1.jpg
90,     lenovo    / Игровой ноутбук Legion Slim 5 16APH8 [82Y9001PRK]             ,                    88 732 ₽                ,https://basket-12.wbbasket.ru/vol1799/part179950/179950270/images/c516x688/1.jpg
91,  DIGMA    / Ноутбук Magnus M Ryzen 5 5600U 16Gb SSD512Gb W11P             ,                    52 691 ₽                ,https://basket-11.wbbasket.ru/vol1628/part162896/162896740/images/c516x688/1.jpg
92,  TopTrend    / Ноутбук FRBBY V16 Pro             ,                    25 925 ₽                ,https://basket-12.wbbasket.ru/vol1886/part188649/188649197/images/c516x688/1.jpg
93,     lenovo    / Игровой ноутбук Legion Pro 5 16IRX8 [82WK003VRK]             ,                    139 025 ₽                ,https://basket-13.wbbasket.ru/vol1960/part196045/196045518/images/c516x688/1.jpg
94,"  Ноутбук 14"" IPS 4-Ядра 8GB SSD 256GB    / Ноутбук 14"" 4-Ядра IPS 1920х1080 FHD RAM 8Gb SSD 256Gb             ",                    18 492 ₽                ,https://basket-13.wbbasket.ru/vol2023/part202373/202373744/images/c516x688/1.jpg
95,"     lenovo    / Ноутбук ThinkPad T480 i5-8250U 14""             ",                    32 663 ₽                ,https://basket-10.wbbasket.ru/vol1586/part158602/158602316/images/c516x688/1.jpg
96,"  Smartx    / Ноутбук 14.1"" W10pro SSD512GB Intel Celeron J4105 6 GB             ",                    21 705 ₽                ,https://basket-12.wbbasket.ru/vol1692/part169234/169234407/images/c516x688/1.jpg
97,     Infinix    / Inbook Y1 NEO XL30             ,                    27 668 ₽                ,https://basket-12.wbbasket.ru/vol1776/part177640/177640375/images/c516x688/1.jpg
98,"  Compolis    / Ноутбук 15.6"" IPS 4-Ядра 16GB SSD 512GB             ",                    31 900 ₽                ,https://basket-12.wbbasket.ru/vol1695/part169592/169592183/images/c516x688/1.jpg
99,     Asus    / Ноутбук Vivobook Go 14 E1404FA-EB045 [90NB0ZS2-M00670]             ,                    38 573 ₽                ,https://basket-13.wbbasket.ru/vol1965/part196503/196503330/images/c516x688/1.jpg
100,"  CHUWI    / Ноутбук Corebook X 14'',Intel i5-1235U, Win11 HOME             ",                    42 423 ₽                ,https://basket-10.wbbasket.ru/vol1510/part151049/151049767/images/c516x688/1.jpg
101,  MAIBENBEN    / Ноутбук P415 i3-1115G4 3000x2000 8ГБ+512ГБ Сенсорный экран             ,                    33 999 ₽                ,https://basket-12.wbbasket.ru/vol1827/part182780/182780413/images/c516x688/1.jpg
102,     Acer    / Игровой ноутбук Nitro 5 AN515-58-56W4 [NH.QFJER.002]             ,                    78 465 ₽                ,https://basket-12.wbbasket.ru/vol1723/part172331/172331047/images/c516x688/1.jpg
103,"  DeltaTech    / Ноутбук 15.6"" IPS 4-Ядра RAM DDR5 12GB SSD 512GB (M.2)             ",                    37 064 ₽                ,https://basket-10.wbbasket.ru/vol1594/part159496/159496818/images/c516x688/1.jpg
104,     Infinix    / Inbook Y1 PLUS 10TH XL28             ,                    35 692 ₽                ,https://basket-12.wbbasket.ru/vol1776/part177648/177648109/images/c516x688/1.jpg
105,"  DeltaTech    / Ноутбук игровой i7 1260P MX 550 16"" 20GB DDR4 SSD 512GB             ",                    72 924 ₽                ,https://basket-12.wbbasket.ru/vol1762/part176261/176261398/images/c516x688/1.jpg
106,"  DeltaTech    / Ноутбук сенсорный 15.6"" IPS 4-Ядра RAM 12GB DDR5 и SSD 512GB             ",                    52 014 ₽                ,https://basket-11.wbbasket.ru/vol1639/part163986/163986624/images/c516x688/1.jpg
107,     Asus    / Ноутбук ROG i7 16Gb 512Gb 3050Ti DOS [90NR0941-M002E0]             ,                    98 611 ₽                ,https://basket-12.wbbasket.ru/vol1711/part171184/171184641/images/c516x688/1.jpg
108,"  CHUWI    / Ноутбук Corebook X 14'',Intel i5-1235U, Win11 HOME             ",                    40 026 ₽                ,https://basket-10.wbbasket.ru/vol1510/part151049/151049766/images/c516x688/1.jpg
109,     lenovo    / Игровой ноутбук Legion Pro 7 16IRX8 [82WR000VRK]             ,                    205 784 ₽                ,https://basket-13.wbbasket.ru/vol1960/part196045/196045521/images/c516x688/1.jpg
110,     Acer    / Ноутбук EX215-22-R5D4 15.6 Ryzen 3 8Gb (NX.EG9ER.02M)             ,                    40 542 ₽                ,https://basket-10.wbbasket.ru/vol1497/part149763/149763680/images/c516x688/1.jpg
111,     Apple    / MacBook Air 13 M2 8 512 (Space Grey)             ,                    135 993 ₽                ,https://basket-12.wbbasket.ru/vol1722/part172229/172229456/images/c516x688/1.jpg
112,"  DIGMA    / Ноутбук EVE 15 C423 15.6"" Ryzen 3 3200U 16Gb SSD512Gb W11Pro             ",                    30 591 ₽                ,https://basket-10.wbbasket.ru/vol1530/part153035/153035406/images/c516x688/1.jpg
113,"     lenovo    / Ноутбук 82HL005TRK(Cel 15,6 1Тб 4Гб UMA noOS)             ",                    29 380 ₽                ,https://basket-10.wbbasket.ru/vol1388/part138864/138864375/images/c516x688/1.jpg
114,"  DIGMA    / Ноутбук EVE 15 C423 15.6"" Ryzen 3 3200U 8Gb SSD512Gb W11Pro             ",                    28 891 ₽                ,https://basket-12.wbbasket.ru/vol1811/part181176/181176233/images/c516x688/1.jpg
115,     Acer    / Ноутбук Aspire 3 A314-35 NX.A7SER.00G             ,                    29 648 ₽                ,https://basket-12.wbbasket.ru/vol1723/part172331/172331070/images/c516x688/1.jpg
116,     Apple    / MacBook Air 13 M2 8 256 (Space Grey)             ,                    107 433 ₽                ,https://basket-12.wbbasket.ru/vol1722/part172232/172232336/images/c516x688/1.jpg
117,     lenovo    / Ноутбук Legion 5 Pro             ,                    155 805 ₽                ,https://basket-13.wbbasket.ru/vol1964/part196451/196451519/images/c516x688/1.jpg
118,     Asus    / Ноутбук игровой VivoBook Pro 15 M6500QC-HN089             ,                    79 891 ₽                ,https://basket-10.wbbasket.ru/vol1403/part140304/140304110/images/c516x688/1.jpg
119,     Acer    / Ноутбук Aspire 3 A315-35 NX.A6LER.004             ,                    33 993 ₽                ,https://basket-12.wbbasket.ru/vol1723/part172331/172331046/images/c516x688/1.jpg
120,     lenovo    / Игровой ноутбук Legion Slim 5 16APH8 [82Y9001PRK]             ,                    88 732 ₽                ,https://basket-12.wbbasket.ru/vol1799/part179950/179950270/images/c516x688/1.jpg
121,  DIGMA    / Ноутбук Magnus M Ryzen 5 5600U 16Gb SSD512Gb W11P             ,                    52 691 ₽                ,https://basket-11.wbbasket.ru/vol1628/part162896/162896740/images/c516x688/1.jpg
122,  TopTrend    / Ноутбук FRBBY V16 Pro             ,                    25 925 ₽                ,https://basket-12.wbbasket.ru/vol1886/part188649/188649197/images/c516x688/1.jpg
123,     lenovo    / Игровой ноутбук Legion Pro 5 16IRX8 [82WK003VRK]             ,                    139 025 ₽                ,https://basket-13.wbbasket.ru/vol1960/part196045/196045518/images/c516x688/1.jpg
124,"  Ноутбук 14"" IPS 4-Ядра 8GB SSD 256GB    / Ноутбук 14"" 4-Ядра IPS 1920х1080 FHD RAM 8Gb SSD 256Gb             ",                    18 492 ₽                ,https://basket-13.wbbasket.ru/vol2023/part202373/202373744/images/c516x688/1.jpg
125,"     lenovo    / Ноутбук ThinkPad T480 i5-8250U 14""             ",                    32 663 ₽                ,https://basket-10.wbbasket.ru/vol1586/part158602/158602316/images/c516x688/1.jpg
126,"  Smartx    / Ноутбук 14.1"" W10pro SSD512GB Intel Celeron J4105 6 GB             ",                    21 705 ₽                ,https://basket-12.wbbasket.ru/vol1692/part169234/169234407/images/c516x688/1.jpg
127,     Infinix    / Inbook Y1 NEO XL30             ,                    27 668 ₽                ,https://basket-12.wbbasket.ru/vol1776/part177640/177640375/images/c516x688/1.jpg
128,"  Compolis    / Ноутбук 15.6"" IPS 4-Ядра 16GB SSD 512GB             ",                    31 900 ₽                ,https://basket-12.wbbasket.ru/vol1695/part169592/169592183/images/c516x688/1.jpg
129,     Asus    / Ноутбук Vivobook Go 14 E1404FA-EB045 [90NB0ZS2-M00670]             ,                    38 573 ₽                ,https://basket-13.wbbasket.ru/vol1965/part196503/196503330/images/c516x688/1.jpg
130,"  CHUWI    / Ноутбук Corebook X 14'',Intel i5-1235U, Win11 HOME             ",                    42 423 ₽                ,https://basket-10.wbbasket.ru/vol1510/part151049/151049767/images/c516x688/1.jpg
131,  MAIBENBEN    / Ноутбук P415 i3-1115G4 3000x2000 8ГБ+512ГБ Сенсорный экран             ,                    33 999 ₽                ,https://basket-12.wbbasket.ru/vol1827/part182780/182780413/images/c516x688/1.jpg
132,     Acer    / Игровой ноутбук Nitro 5 AN515-58-56W4 [NH.QFJER.002]             ,                    78 465 ₽                ,https://basket-12.wbbasket.ru/vol1723/part172331/172331047/images/c516x688/1.jpg
133,"  DeltaTech    / Ноутбук 15.6"" IPS 4-Ядра RAM DDR5 12GB SSD 512GB (M.2)             ",                    37 064 ₽                ,https://basket-10.wbbasket.ru/vol1594/part159496/159496818/images/c516x688/1.jpg
134,     Infinix    / Inbook Y1 PLUS 10TH XL28             ,                    35 692 ₽                ,https://basket-12.wbbasket.ru/vol1776/part177648/177648109/images/c516x688/1.jpg
135,"  DeltaTech    / Ноутбук игровой i7 1260P MX 550 16"" 20GB DDR4 SSD 512GB             ",                    72 924 ₽                ,https://basket-12.wbbasket.ru/vol1762/part176261/176261398/images/c516x688/1.jpg
136,"  DeltaTech    / Ноутбук сенсорный 15.6"" IPS 4-Ядра RAM 12GB DDR5 и SSD 512GB             ",                    52 014 ₽                ,https://basket-11.wbbasket.ru/vol1639/part163986/163986624/images/c516x688/1.jpg
137,     Asus    / Ноутбук ROG i7 16Gb 512Gb 3050Ti DOS [90NR0941-M002E0]             ,                    98 611 ₽                ,https://basket-12.wbbasket.ru/vol1711/part171184/171184641/images/c516x688/1.jpg
138,"  CHUWI    / Ноутбук Corebook X 14'',Intel i5-1235U, Win11 HOME             ",                    40 026 ₽                ,https://basket-10.wbbasket.ru/vol1510/part151049/151049766/images/c516x688/1.jpg
139,     lenovo    / Игровой ноутбук Legion Pro 7 16IRX8 [82WR000VRK]             ,                    205 784 ₽                ,https://basket-13.wbbasket.ru/vol1960/part196045/196045521/images/c516x688/1.jpg
140,     Acer    / Ноутбук EX215-22-R5D4 15.6 Ryzen 3 8Gb (NX.EG9ER.02M)             ,                    40 542 ₽                ,https://basket-10.wbbasket.ru/vol1497/part149763/149763680/images/c516x688/1.jpg
141,     Apple    / MacBook Air 13 M2 8 512 (Space Grey)             ,                    135 993 ₽                ,https://basket-12.wbbasket.ru/vol1722/part172229/172229456/images/c516x688/1.jpg
142,"  DIGMA    / Ноутбук EVE 15 C423 15.6"" Ryzen 3 3200U 16Gb SSD512Gb W11Pro             ",                    30 591 ₽                ,https://basket-10.wbbasket.ru/vol1530/part153035/153035406/images/c516x688/1.jpg
143,"     lenovo    / Ноутбук 82HL005TRK(Cel 15,6 1Тб 4Гб UMA noOS)             ",                    29 380 ₽                ,https://basket-10.wbbasket.ru/vol1388/part138864/138864375/images/c516x688/1.jpg
144,"  DIGMA    / Ноутбук EVE 15 C423 15.6"" Ryzen 3 3200U 8Gb SSD512Gb W11Pro             ",                    28 891 ₽                ,https://basket-12.wbbasket.ru/vol1811/part181176/181176233/images/c516x688/1.jpg
145,     Acer    / Ноутбук Aspire 3 A314-35 NX.A7SER.00G             ,                    29 648 ₽                ,https://basket-12.wbbasket.ru/vol1723/part172331/172331070/images/c516x688/1.jpg
146,     Apple    / MacBook Air 13 M2 8 256 (Space Grey)             ,                    107 433 ₽                ,https://basket-12.wbbasket.ru/vol1722/part172232/172232336/images/c516x688/1.jpg
147,     lenovo    / Ноутбук Legion 5 Pro             ,                    155 805 ₽                ,https://basket-13.wbbasket.ru/vol1964/part196451/196451519/images/c516x688/1.jpg
148,     Asus    / Ноутбук игровой VivoBook Pro 15 M6500QC-HN089             ,                    79 891 ₽                ,https://basket-10.wbbasket.ru/vol1403/part140304/140304110/images/c516x688/1.jpg
149,     Acer    / Ноутбук Aspire 3 A315-35 NX.A6LER.004             ,                    33 993 ₽                ,https://basket-12.wbbasket.ru/vol1723/part172331/172331046/images/c516x688/1.jpg
150,     lenovo    / Игровой ноутбук Legion Slim 5 16APH8 [82Y9001PRK]             ,                    88 732 ₽                ,https://basket-12.wbbasket.ru/vol1799/part179950/179950270/images/c516x688/1.jpg
151,  DIGMA    / Ноутбук Magnus M Ryzen 5 5600U 16Gb SSD512Gb W11P             ,                    52 691 ₽                ,https://basket-11.wbbasket.ru/vol1628/part162896/162896740/images/c516x688/1.jpg
152,  TopTrend    / Ноутбук FRBBY V16 Pro             ,                    25 925 ₽                ,https://basket-12.wbbasket.ru/vol1886/part188649/188649197/images/c516x688/1.jpg
153,     lenovo    / Игровой ноутбук Legion Pro 5 16IRX8 [82WK003VRK]             ,                    139 025 ₽                ,https://basket-13.wbbasket.ru/vol1960/part196045/196045518/images/c516x688/1.jpg
154,"  Ноутбук 14"" IPS 4-Ядра 8GB SSD 256GB    / Ноутбук 14"" 4-Ядра IPS 1920х1080 FHD RAM 8Gb SSD 256Gb             ",                    18 492 ₽                ,https://basket-13.wbbasket.ru/vol2023/part202373/202373744/images/c516x688/1.jpg
155,"     lenovo    / Ноутбук ThinkPad T480 i5-8250U 14""             ",                    32 663 ₽                ,https://basket-10.wbbasket.ru/vol1586/part158602/158602316/images/c516x688/1.jpg
156,"  Smartx    / Ноутбук 14.1"" W10pro SSD512GB Intel Celeron J4105 6 GB             ",                    21 705 ₽                ,https://basket-12.wbbasket.ru/vol1692/part169234/169234407/images/c516x688/1.jpg
157,     Infinix    / Inbook Y1 NEO XL30             ,                    27 668 ₽                ,https://basket-12.wbbasket.ru/vol1776/part177640/177640375/images/c516x688/1.jpg
158,"  Compolis    / Ноутбук 15.6"" IPS 4-Ядра 16GB SSD 512GB             ",                    31 900 ₽                ,https://basket-12.wbbasket.ru/vol1695/part169592/169592183/images/c516x688/1.jpg
159,     Asus    / Ноутбук Vivobook Go 14 E1404FA-EB045 [90NB0ZS2-M00670]             ,                    38 573 ₽                ,https://basket-13.wbbasket.ru/vol1965/part196503/196503330/images/c516x688/1.jpg
160,"  CHUWI    / Ноутбук Corebook X 14'',Intel i5-1235U, Win11 HOME             ",                    42 423 ₽                ,https://basket-10.wbbasket.ru/vol1510/part151049/151049767/images/c516x688/1.jpg
161,  MAIBENBEN    / Ноутбук P415 i3-1115G4 3000x2000 8ГБ+512ГБ Сенсорный экран             ,                    33 999 ₽                ,https://basket-12.wbbasket.ru/vol1827/part182780/182780413/images/c516x688/1.jpg
162,     Acer    / Игровой ноутбук Nitro 5 AN515-58-56W4 [NH.QFJER.002]             ,                    78 465 ₽                ,https://basket-12.wbbasket.ru/vol1723/part172331/172331047/images/c516x688/1.jpg
163,"  DeltaTech    / Ноутбук 15.6"" IPS 4-Ядра RAM DDR5 12GB SSD 512GB (M.2)             ",                    37 064 ₽                ,https://basket-10.wbbasket.ru/vol1594/part159496/159496818/images/c516x688/1.jpg
164,     Infinix    / Inbook Y1 PLUS 10TH XL28             ,                    35 692 ₽                ,https://basket-12.wbbasket.ru/vol1776/part177648/177648109/images/c516x688/1.jpg
165,"  DeltaTech    / Ноутбук игровой i7 1260P MX 550 16"" 20GB DDR4 SSD 512GB             ",                    72 924 ₽                ,https://basket-12.wbbasket.ru/vol1762/part176261/176261398/images/c516x688/1.jpg
166,"  DeltaTech    / Ноутбук сенсорный 15.6"" IPS 4-Ядра RAM 12GB DDR5 и SSD 512GB             ",                    52 014 ₽                ,https://basket-11.wbbasket.ru/vol1639/part163986/163986624/images/c516x688/1.jpg
167,     Asus    / Ноутбук ROG i7 16Gb 512Gb 3050Ti DOS [90NR0941-M002E0]             ,                    98 611 ₽                ,https://basket-12.wbbasket.ru/vol1711/part171184/171184641/images/c516x688/1.jpg
168,"  CHUWI    / Ноутбук Corebook X 14'',Intel i5-1235U, Win11 HOME             ",                    40 026 ₽                ,https://basket-10.wbbasket.ru/vol1510/part151049/151049766/images/c516x688/1.jpg
169,     lenovo    / Игровой ноутбук Legion Pro 7 16IRX8 [82WR000VRK]             ,                    205 784 ₽                ,https://basket-13.wbbasket.ru/vol1960/part196045/196045521/images/c516x688/1.jpg
170,     Acer    / Ноутбук EX215-22-R5D4 15.6 Ryzen 3 8Gb (NX.EG9ER.02M)             ,                    40 542 ₽                ,https://basket-10.wbbasket.ru/vol1497/part149763/149763680/images/c516x688/1.jpg
171,     Apple    / MacBook Air 13 M2 8 512 (Space Grey)             ,                    135 993 ₽                ,https://basket-12.wbbasket.ru/vol1722/part172229/172229456/images/c516x688/1.jpg
172,"  DIGMA    / Ноутбук EVE 15 C423 15.6"" Ryzen 3 3200U 16Gb SSD512Gb W11Pro             ",                    30 591 ₽                ,https://basket-10.wbbasket.ru/vol1530/part153035/153035406/images/c516x688/1.jpg
173,"     lenovo    / Ноутбук 82HL005TRK(Cel 15,6 1Тб 4Гб UMA noOS)             ",                    29 380 ₽                ,https://basket-10.wbbasket.ru/vol1388/part138864/138864375/images/c516x688/1.jpg
174,"  DIGMA    / Ноутбук EVE 15 C423 15.6"" Ryzen 3 3200U 8Gb SSD512Gb W11Pro             ",                    28 891 ₽                ,https://basket-12.wbbasket.ru/vol1811/part181176/181176233/images/c516x688/1.jpg
175,     Acer    / Ноутбук Aspire 3 A314-35 NX.A7SER.00G             ,                    29 648 ₽                ,https://basket-12.wbbasket.ru/vol1723/part172331/172331070/images/c516x688/1.jpg
176,     Apple    / MacBook Air 13 M2 8 256 (Space Grey)             ,                    107 433 ₽                ,https://basket-12.wbbasket.ru/vol1722/part172232/172232336/images/c516x688/1.jpg
177,     lenovo    / Ноутбук Legion 5 Pro             ,                    155 805 ₽                ,https://basket-13.wbbasket.ru/vol1964/part196451/196451519/images/c516x688/1.jpg
178,     Asus    / Ноутбук игровой VivoBook Pro 15 M6500QC-HN089             ,                    79 891 ₽                ,https://basket-10.wbbasket.ru/vol1403/part140304/140304110/images/c516x688/1.jpg
179,     Acer    / Ноутбук Aspire 3 A315-35 NX.A6LER.004             ,                    33 993 ₽                ,https://basket-12.wbbasket.ru/vol1723/part172331/172331046/images/c516x688/1.jpg
180,     lenovo    / Игровой ноутбук Legion Slim 5 16APH8 [82Y9001PRK]             ,                    88 732 ₽                ,https://basket-12.wbbasket.ru/vol1799/part179950/179950270/images/c516x688/1.jpg
181,  DIGMA    / Ноутбук Magnus M Ryzen 5 5600U 16Gb SSD512Gb W11P             ,                    52 691 ₽                ,https://basket-11.wbbasket.ru/vol1628/part162896/162896740/images/c516x688/1.jpg
182,  TopTrend    / Ноутбук FRBBY V16 Pro             ,                    25 925 ₽                ,https://basket-12.wbbasket.ru/vol1886/part188649/188649197/images/c516x688/1.jpg
183,     lenovo    / Игровой ноутбук Legion Pro 5 16IRX8 [82WK003VRK]             ,                    139 025 ₽                ,https://basket-13.wbbasket.ru/vol1960/part196045/196045518/images/c516x688/1.jpg
184,"  Ноутбук 14"" IPS 4-Ядра 8GB SSD 256GB    / Ноутбук 14"" 4-Ядра IPS 1920х1080 FHD RAM 8Gb SSD 256Gb             ",                    18 492 ₽                ,https://basket-13.wbbasket.ru/vol2023/part202373/202373744/images/c516x688/1.jpg
185,"     lenovo    / Ноутбук ThinkPad T480 i5-8250U 14""             ",                    32 663 ₽                ,https://basket-10.wbbasket.ru/vol1586/part158602/158602316/images/c516x688/1.jpg
186,"  Smartx    / Ноутбук 14.1"" W10pro SSD512GB Intel Celeron J4105 6 GB             ",                    21 705 ₽                ,https://basket-12.wbbasket.ru/vol1692/part169234/169234407/images/c516x688/1.jpg
187,     Infinix    / Inbook Y1 NEO XL30             ,                    27 668 ₽                ,https://basket-12.wbbasket.ru/vol1776/part177640/177640375/images/c516x688/1.jpg
188,"  Compolis    / Ноутбук 15.6"" IPS 4-Ядра 16GB SSD 512GB             ",                    31 900 ₽                ,https://basket-12.wbbasket.ru/vol1695/part169592/169592183/images/c516x688/1.jpg
189,     Asus    / Ноутбук Vivobook Go 14 E1404FA-EB045 [90NB0ZS2-M00670]             ,                    38 573 ₽                ,https://basket-13.wbbasket.ru/vol1965/part196503/196503330/images/c516x688/1.jpg
190,"  CHUWI    / Ноутбук Corebook X 14'',Intel i5-1235U, Win11 HOME             ",                    42 423 ₽                ,https://basket-10.wbbasket.ru/vol1510/part151049/151049767/images/c516x688/1.jpg
191,  MAIBENBEN    / Ноутбук P415 i3-1115G4 3000x2000 8ГБ+512ГБ Сенсорный экран             ,                    33 999 ₽                ,https://basket-12.wbbasket.ru/vol1827/part182780/182780413/images/c516x688/1.jpg
192,     Acer    / Игровой ноутбук Nitro 5 AN515-58-56W4 [NH.QFJER.002]             ,                    78 465 ₽                ,https://basket-12.wbbasket.ru/vol1723/part172331/172331047/images/c516x688/1.jpg
193,"  DeltaTech    / Ноутбук 15.6"" IPS 4-Ядра RAM DDR5 12GB SSD 512GB (M.2)             ",                    37 064 ₽                ,https://basket-10.wbbasket.ru/vol1594/part159496/159496818/images/c516x688/1.jpg
194,     Infinix    / Inbook Y1 PLUS 10TH XL28             ,                    35 692 ₽                ,https://basket-12.wbbasket.ru/vol1776/part177648/177648109/images/c516x688/1.jpg
195,"  DeltaTech    / Ноутбук игровой i7 1260P MX 550 16"" 20GB DDR4 SSD 512GB             ",                    72 924 ₽                ,https://basket-12.wbbasket.ru/vol1762/part176261/176261398/images/c516x688/1.jpg
196,"  DeltaTech    / Ноутбук сенсорный 15.6"" IPS 4-Ядра RAM 12GB DDR5 и SSD 512GB             ",                    52 014 ₽                ,https://basket-11.wbbasket.ru/vol1639/part163986/163986624/images/c516x688/1.jpg
197,     Asus    / Ноутбук ROG i7 16Gb 512Gb 3050Ti DOS [90NR0941-M002E0]             ,                    98 611 ₽                ,https://basket-12.wbbasket.ru/vol1711/part171184/171184641/images/c516x688/1.jpg
198,"  CHUWI    / Ноутбук Corebook X 14'',Intel i5-1235U, Win11 HOME             ",                    40 026 ₽                ,https://basket-10.wbbasket.ru/vol1510/part151049/151049766/images/c516x688/1.jpg
199,     lenovo    / Игровой ноутбук Legion Pro 7 16IRX8 [82WR000VRK]             ,                    205 784 ₽                ,https://basket-13.wbbasket.ru/vol1960/part196045/196045521/images/c516x688/1.jpg
200,     Acer    / Ноутбук EX215-22-R5D4 15.6 Ryzen 3 8Gb (NX.EG9ER.02M)             ,                    40 542 ₽                ,https://basket-10.wbbasket.ru/vol1497/part149763/149763680/images/c516x688/1.jpg
201,     Apple    / MacBook Air 13 M2 8 512 (Space Grey)             ,                    135 993 ₽                ,https://basket-12.wbbasket.ru/vol1722/part172229/172229456/images/c516x688/1.jpg
202,"  DIGMA    / Ноутбук EVE 15 C423 15.6"" Ryzen 3 3200U 16Gb SSD512Gb W11Pro             ",                    30 591 ₽                ,https://basket-10.wbbasket.ru/vol1530/part153035/153035406/images/c516x688/1.jpg
203,"     lenovo    / Ноутбук 82HL005TRK(Cel 15,6 1Тб 4Гб UMA noOS)             ",                    29 380 ₽                ,https://basket-10.wbbasket.ru/vol1388/part138864/138864375/images/c516x688/1.jpg
204,"  DIGMA    / Ноутбук EVE 15 C423 15.6"" Ryzen 3 3200U 8Gb SSD512Gb W11Pro             ",                    28 891 ₽                ,https://basket-12.wbbasket.ru/vol1811/part181176/181176233/images/c516x688/1.jpg
205,     Acer    / Ноутбук Aspire 3 A314-35 NX.A7SER.00G             ,                    29 648 ₽                ,https://basket-12.wbbasket.ru/vol1723/part172331/172331070/images/c516x688/1.jpg
206,     Apple    / MacBook Air 13 M2 8 256 (Space Grey)             ,                    107 433 ₽                ,https://basket-12.wbbasket.ru/vol1722/part172232/172232336/images/c516x688/1.jpg
207,     lenovo    / Ноутбук Legion 5 Pro             ,                    155 805 ₽                ,https://basket-13.wbbasket.ru/vol1964/part196451/196451519/images/c516x688/1.jpg
208,     Asus    / Ноутбук игровой VivoBook Pro 15 M6500QC-HN089             ,                    79 891 ₽                ,https://basket-10.wbbasket.ru/vol1403/part140304/140304110/images/c516x688/1.jpg
209,     Acer    / Ноутбук Aspire 3 A315-35 NX.A6LER.004             ,                    33 993 ₽                ,https://basket-12.wbbasket.ru/vol1723/part172331/172331046/images/c516x688/1.jpg
210,     lenovo    / Игровой ноутбук Legion Slim 5 16APH8 [82Y9001PRK]             ,                    88 732 ₽                ,https://basket-12.wbbasket.ru/vol1799/part179950/179950270/images/c516x688/1.jpg
211,  DIGMA    / Ноутбук Magnus M Ryzen 5 5600U 16Gb SSD512Gb W11P             ,                    52 691 ₽                ,https://basket-11.wbbasket.ru/vol1628/part162896/162896740/images/c516x688/1.jpg
212,  TopTrend    / Ноутбук FRBBY V16 Pro             ,                    25 925 ₽                ,https://basket-12.wbbasket.ru/vol1886/part188649/188649197/images/c516x688/1.jpg
213,     lenovo    / Игровой ноутбук Legion Pro 5 16IRX8 [82WK003VRK]             ,                    139 025 ₽                ,https://basket-13.wbbasket.ru/vol1960/part196045/196045518/images/c516x688/1.jpg
214,"  Ноутбук 14"" IPS 4-Ядра 8GB SSD 256GB    / Ноутбук 14"" 4-Ядра IPS 1920х1080 FHD RAM 8Gb SSD 256Gb             ",                    18 492 ₽                ,https://basket-13.wbbasket.ru/vol2023/part202373/202373744/images/c516x688/1.jpg
215,"     lenovo    / Ноутбук ThinkPad T480 i5-8250U 14""             ",                    32 663 ₽                ,https://basket-10.wbbasket.ru/vol1586/part158602/158602316/images/c516x688/1.jpg
216,"  Smartx    / Ноутбук 14.1"" W10pro SSD512GB Intel Celeron J4105 6 GB             ",                    21 705 ₽                ,https://basket-12.wbbasket.ru/vol1692/part169234/169234407/images/c516x688/1.jpg
217,     Infinix    / Inbook Y1 NEO XL30             ,                    27 668 ₽                ,https://basket-12.wbbasket.ru/vol1776/part177640/177640375/images/c516x688/1.jpg
218,"  Compolis    / Ноутбук 15.6"" IPS 4-Ядра 16GB SSD 512GB             ",                    31 900 ₽                ,https://basket-12.wbbasket.ru/vol1695/part169592/169592183/images/c516x688/1.jpg
219,     Asus    / Ноутбук Vivobook Go 14 E1404FA-EB045 [90NB0ZS2-M00670]             ,                    38 573 ₽                ,https://basket-13.wbbasket.ru/vol1965/part196503/196503330/images/c516x688/1.jpg
220,"  CHUWI    / Ноутбук Corebook X 14'',Intel i5-1235U, Win11 HOME             ",                    42 423 ₽                ,https://basket-10.wbbasket.ru/vol1510/part151049/151049767/images/c516x688/1.jpg
221,  MAIBENBEN    / Ноутбук P415 i3-1115G4 3000x2000 8ГБ+512ГБ Сенсорный экран             ,                    33 999 ₽                ,https://basket-12.wbbasket.ru/vol1827/part182780/182780413/images/c516x688/1.jpg
222,     Acer    / Игровой ноутбук Nitro 5 AN515-58-56W4 [NH.QFJER.002]             ,                    78 465 ₽                ,https://basket-12.wbbasket.ru/vol1723/part172331/172331047/images/c516x688/1.jpg
223,"  DeltaTech    / Ноутбук 15.6"" IPS 4-Ядра RAM DDR5 12GB SSD 512GB (M.2)             ",                    37 064 ₽                ,https://basket-10.wbbasket.ru/vol1594/part159496/159496818/images/c516x688/1.jpg
224,     Infinix    / Inbook Y1 PLUS 10TH XL28             ,                    35 692 ₽                ,https://basket-12.wbbasket.ru/vol1776/part177648/177648109/images/c516x688/1.jpg
225,"  DeltaTech    / Ноутбук игровой i7 1260P MX 550 16"" 20GB DDR4 SSD 512GB             ",                    72 924 ₽                ,https://basket-12.wbbasket.ru/vol1762/part176261/176261398/images/c516x688/1.jpg
226,"  DeltaTech    / Ноутбук сенсорный 15.6"" IPS 4-Ядра RAM 12GB DDR5 и SSD 512GB             ",                    52 014 ₽                ,https://basket-11.wbbasket.ru/vol1639/part163986/163986624/images/c516x688/1.jpg
227,     Asus    / Ноутбук ROG i7 16Gb 512Gb 3050Ti DOS [90NR0941-M002E0]             ,                    98 611 ₽                ,https://basket-12.wbbasket.ru/vol1711/part171184/171184641/images/c516x688/1.jpg
228,"  CHUWI    / Ноутбук Corebook X 14'',Intel i5-1235U, Win11 HOME             ",                    40 026 ₽                ,https://basket-10.wbbasket.ru/vol1510/part151049/151049766/images/c516x688/1.jpg
229,     lenovo    / Игровой ноутбук Legion Pro 7 16IRX8 [82WR000VRK]             ,                    205 784 ₽                ,https://basket-13.wbbasket.ru/vol1960/part196045/196045521/images/c516x688/1.jpg
230,     Acer    / Ноутбук EX215-22-R5D4 15.6 Ryzen 3 8Gb (NX.EG9ER.02M)             ,                    40 542 ₽                ,https://basket-10.wbbasket.ru/vol1497/part149763/149763680/images/c516x688/1.jpg
231,     Apple    / MacBook Air 13 M2 8 512 (Space Grey)             ,                    135 993 ₽                ,https://basket-12.wbbasket.ru/vol1722/part172229/172229456/images/c516x688/1.jpg
232,"  DIGMA    / Ноутбук EVE 15 C423 15.6"" Ryzen 3 3200U 16Gb SSD512Gb W11Pro             ",                    30 591 ₽                ,https://basket-10.wbbasket.ru/vol1530/part153035/153035406/images/c516x688/1.jpg
233,"     lenovo    / Ноутбук 82HL005TRK(Cel 15,6 1Тб 4Гб UMA noOS)             ",                    29 380 ₽                ,https://basket-10.wbbasket.ru/vol1388/part138864/138864375/images/c516x688/1.jpg
234,"  DIGMA    / Ноутбук EVE 15 C423 15.6"" Ryzen 3 3200U 8Gb SSD512Gb W11Pro             ",                    28 891 ₽                ,https://basket-12.wbbasket.ru/vol1811/part181176/181176233/images/c516x688/1.jpg
235,     Acer    / Ноутбук Aspire 3 A314-35 NX.A7SER.00G             ,                    29 648 ₽                ,https://basket-12.wbbasket.ru/vol1723/part172331/172331070/images/c516x688/1.jpg
236,     Apple    / MacBook Air 13 M2 8 256 (Space Grey)             ,                    107 433 ₽                ,https://basket-12.wbbasket.ru/vol1722/part172232/172232336/images/c516x688/1.jpg
237,     lenovo    / Ноутбук Legion 5 Pro             ,                    155 805 ₽                ,https://basket-13.wbbasket.ru/vol1964/part196451/196451519/images/c516x688/1.jpg
238,     Asus    / Ноутбук игровой VivoBook Pro 15 M6500QC-HN089             ,                    79 891 ₽                ,https://basket-10.wbbasket.ru/vol1403/part140304/140304110/images/c516x688/1.jpg
239,     Acer    / Ноутбук Aspire 3 A315-35 NX.A6LER.004             ,                    33 993 ₽                ,https://basket-12.wbbasket.ru/vol1723/part172331/172331046/images/c516x688/1.jpg
240,     lenovo    / Игровой ноутбук Legion Slim 5 16APH8 [82Y9001PRK]             ,                    88 732 ₽                ,https://basket-12.wbbasket.ru/vol1799/part179950/179950270/images/c516x688/1.jpg
241,  DIGMA    / Ноутбук Magnus M Ryzen 5 5600U 16Gb SSD512Gb W11P             ,                    52 691 ₽                ,https://basket-11.wbbasket.ru/vol1628/part162896/162896740/images/c516x688/1.jpg
242,  TopTrend    / Ноутбук FRBBY V16 Pro             ,                    25 925 ₽                ,https://basket-12.wbbasket.ru/vol1886/part188649/188649197/images/c516x688/1.jpg
243,     lenovo    / Игровой ноутбук Legion Pro 5 16IRX8 [82WK003VRK]             ,                    139 025 ₽                ,https://basket-13.wbbasket.ru/vol1960/part196045/196045518/images/c516x688/1.jpg
244,"  Ноутбук 14"" IPS 4-Ядра 8GB SSD 256GB    / Ноутбук 14"" 4-Ядра IPS 1920х1080 FHD RAM 8Gb SSD 256Gb             ",                    18 492 ₽                ,https://basket-13.wbbasket.ru/vol2023/part202373/202373744/images/c516x688/1.jpg
245,"     lenovo    / Ноутбук ThinkPad T480 i5-8250U 14""             ",                    32 663 ₽                ,https://basket-10.wbbasket.ru/vol1586/part158602/158602316/images/c516x688/1.jpg
246,"  Smartx    / Ноутбук 14.1"" W10pro SSD512GB Intel Celeron J4105 6 GB             ",                    21 705 ₽                ,https://basket-12.wbbasket.ru/vol1692/part169234/169234407/images/c516x688/1.jpg
247,     Infinix    / Inbook Y1 NEO XL30             ,                    27 668 ₽                ,https://basket-12.wbbasket.ru/vol1776/part177640/177640375/images/c516x688/1.jpg
248,"  Compolis    / Ноутбук 15.6"" IPS 4-Ядра 16GB SSD 512GB             ",                    31 900 ₽                ,https://basket-12.wbbasket.ru/vol1695/part169592/169592183/images/c516x688/1.jpg
249,     Asus    / Ноутбук Vivobook Go 14 E1404FA-EB045 [90NB0ZS2-M00670]             ,                    38 573 ₽                ,https://basket-13.wbbasket.ru/vol1965/part196503/196503330/images/c516x688/1.jpg
250,"  CHUWI    / Ноутбук Corebook X 14'',Intel i5-1235U, Win11 HOME             ",                    42 423 ₽                ,https://basket-10.wbbasket.ru/vol1510/part151049/151049767/images/c516x688/1.jpg
251,  MAIBENBEN    / Ноутбук P415 i3-1115G4 3000x2000 8ГБ+512ГБ Сенсорный экран             ,                    33 999 ₽                ,https://basket-12.wbbasket.ru/vol1827/part182780/182780413/images/c516x688/1.jpg
252,     Acer    / Игровой ноутбук Nitro 5 AN515-58-56W4 [NH.QFJER.002]             ,                    78 465 ₽                ,https://basket-12.wbbasket.ru/vol1723/part172331/172331047/images/c516x688/1.jpg
253,"  DeltaTech    / Ноутбук 15.6"" IPS 4-Ядра RAM DDR5 12GB SSD 512GB (M.2)             ",                    37 064 ₽                ,https://basket-10.wbbasket.ru/vol1594/part159496/159496818/images/c516x688/1.jpg
254,     Infinix    / Inbook Y1 PLUS 10TH XL28             ,                    35 692 ₽                ,https://basket-12.wbbasket.ru/vol1776/part177648/177648109/images/c516x688/1.jpg
255,"  DeltaTech    / Ноутбук игровой i7 1260P MX 550 16"" 20GB DDR4 SSD 512GB             ",                    72 924 ₽                ,https://basket-12.wbbasket.ru/vol1762/part176261/176261398/images/c516x688/1.jpg
256,"  DeltaTech    / Ноутбук сенсорный 15.6"" IPS 4-Ядра RAM 12GB DDR5 и SSD 512GB             ",                    52 014 ₽                ,https://basket-11.wbbasket.ru/vol1639/part163986/163986624/images/c516x688/1.jpg
257,     Asus    / Ноутбук ROG i7 16Gb 512Gb 3050Ti DOS [90NR0941-M002E0]             ,                    98 611 ₽                ,https://basket-12.wbbasket.ru/vol1711/part171184/171184641/images/c516x688/1.jpg
258,"  CHUWI    / Ноутбук Corebook X 14'',Intel i5-1235U, Win11 HOME             ",                    40 026 ₽                ,https://basket-10.wbbasket.ru/vol1510/part151049/151049766/images/c516x688/1.jpg
259,     lenovo    / Игровой ноутбук Legion Pro 7 16IRX8 [82WR000VRK]             ,                    205 784 ₽                ,https://basket-13.wbbasket.ru/vol1960/part196045/196045521/images/c516x688/1.jpg
260,     Acer    / Ноутбук EX215-22-R5D4 15.6 Ryzen 3 8Gb (NX.EG9ER.02M)             ,                    40 542 ₽                ,https://basket-10.wbbasket.ru/vol1497/part149763/149763680/images/c516x688/1.jpg
261,     Apple    / MacBook Air 13 M2 8 512 (Space Grey)             ,                    135 993 ₽                ,https://basket-12.wbbasket.ru/vol1722/part172229/172229456/images/c516x688/1.jpg
262,"  DIGMA    / Ноутбук EVE 15 C423 15.6"" Ryzen 3 3200U 16Gb SSD512Gb W11Pro             ",                    30 591 ₽                ,https://basket-10.wbbasket.ru/vol1530/part153035/153035406/images/c516x688/1.jpg
263,"     lenovo    / Ноутбук 82HL005TRK(Cel 15,6 1Тб 4Гб UMA noOS)             ",                    29 380 ₽                ,https://basket-10.wbbasket.ru/vol1388/part138864/138864375/images/c516x688/1.jpg
264,"  DIGMA    / Ноутбук EVE 15 C423 15.6"" Ryzen 3 3200U 8Gb SSD512Gb W11Pro             ",                    28 891 ₽                ,https://basket-12.wbbasket.ru/vol1811/part181176/181176233/images/c516x688/1.jpg
265,     Acer    / Ноутбук Aspire 3 A314-35 NX.A7SER.00G             ,                    29 648 ₽                ,https://basket-12.wbbasket.ru/vol1723/part172331/172331070/images/c516x688/1.jpg
266,     Apple    / MacBook Air 13 M2 8 256 (Space Grey)             ,                    107 433 ₽                ,https://basket-12.wbbasket.ru/vol1722/part172232/172232336/images/c516x688/1.jpg
267,     lenovo    / Ноутбук Legion 5 Pro             ,                    155 805 ₽                ,https://basket-13.wbbasket.ru/vol1964/part196451/196451519/images/c516x688/1.jpg
268,     Asus    / Ноутбук игровой VivoBook Pro 15 M6500QC-HN089             ,                    79 891 ₽                ,https://basket-10.wbbasket.ru/vol1403/part140304/140304110/images/c516x688/1.jpg
269,     Acer    / Ноутбук Aspire 3 A315-35 NX.A6LER.004             ,                    33 993 ₽                ,https://basket-12.wbbasket.ru/vol1723/part172331/172331046/images/c516x688/1.jpg
270,     lenovo    / Игровой ноутбук Legion Slim 5 16APH8 [82Y9001PRK]             ,                    88 732 ₽                ,https://basket-12.wbbasket.ru/vol1799/part179950/179950270/images/c516x688/1.jpg
271,  DIGMA    / Ноутбук Magnus M Ryzen 5 5600U 16Gb SSD512Gb W11P             ,                    52 691 ₽                ,https://basket-11.wbbasket.ru/vol1628/part162896/162896740/images/c516x688/1.jpg
272,  TopTrend    / Ноутбук FRBBY V16 Pro             ,                    25 925 ₽                ,https://basket-12.wbbasket.ru/vol1886/part188649/188649197/images/c516x688/1.jpg
273,     lenovo    / Игровой ноутбук Legion Pro 5 16IRX8 [82WK003VRK]             ,                    139 025 ₽                ,https://basket-13.wbbasket.ru/vol1960/part196045/196045518/images/c516x688/1.jpg
274,"  Ноутбук 14"" IPS 4-Ядра 8GB SSD 256GB    / Ноутбук 14"" 4-Ядра IPS 1920х1080 FHD RAM 8Gb SSD 256Gb             ",                    18 492 ₽                ,https://basket-13.wbbasket.ru/vol2023/part202373/202373744/images/c516x688/1.jpg
275,"     lenovo    / Ноутбук ThinkPad T480 i5-8250U 14""             ",                    32 663 ₽                ,https://basket-10.wbbasket.ru/vol1586/part158602/158602316/images/c516x688/1.jpg
276,"  Smartx    / Ноутбук 14.1"" W10pro SSD512GB Intel Celeron J4105 6 GB             ",                    21 705 ₽                ,https://basket-12.wbbasket.ru/vol1692/part169234/169234407/images/c516x688/1.jpg
277,     Infinix    / Inbook Y1 NEO XL30             ,                    27 668 ₽                ,https://basket-12.wbbasket.ru/vol1776/part177640/177640375/images/c516x688/1.jpg
278,"  Compolis    / Ноутбук 15.6"" IPS 4-Ядра 16GB SSD 512GB             ",                    31 900 ₽                ,https://basket-12.wbbasket.ru/vol1695/part169592/169592183/images/c516x688/1.jpg
279,     Asus    / Ноутбук Vivobook Go 14 E1404FA-EB045 [90NB0ZS2-M00670]             ,                    38 573 ₽                ,https://basket-13.wbbasket.ru/vol1965/part196503/196503330/images/c516x688/1.jpg
280,"  CHUWI    / Ноутбук Corebook X 14'',Intel i5-1235U, Win11 HOME             ",                    42 423 ₽                ,https://basket-10.wbbasket.ru/vol1510/part151049/151049767/images/c516x688/1.jpg
281,  MAIBENBEN    / Ноутбук P415 i3-1115G4 3000x2000 8ГБ+512ГБ Сенсорный экран             ,                    33 999 ₽                ,https://basket-12.wbbasket.ru/vol1827/part182780/182780413/images/c516x688/1.jpg
282,     Acer    / Игровой ноутбук Nitro 5 AN515-58-56W4 [NH.QFJER.002]             ,                    78 465 ₽                ,https://basket-12.wbbasket.ru/vol1723/part172331/172331047/images/c516x688/1.jpg
283,"  DeltaTech    / Ноутбук 15.6"" IPS 4-Ядра RAM DDR5 12GB SSD 512GB (M.2)             ",                    37 064 ₽                ,https://basket-10.wbbasket.ru/vol1594/part159496/159496818/images/c516x688/1.jpg
284,     Infinix    / Inbook Y1 PLUS 10TH XL28             ,                    35 692 ₽                ,https://basket-12.wbbasket.ru/vol1776/part177648/177648109/images/c516x688/1.jpg
285,"  DeltaTech    / Ноутбук игровой i7 1260P MX 550 16"" 20GB DDR4 SSD 512GB             ",                    72 924 ₽                ,https://basket-12.wbbasket.ru/vol1762/part176261/176261398/images/c516x688/1.jpg
286,"  DeltaTech    / Ноутбук сенсорный 15.6"" IPS 4-Ядра RAM 12GB DDR5 и SSD 512GB             ",                    52 014 ₽                ,https://basket-11.wbbasket.ru/vol1639/part163986/163986624/images/c516x688/1.jpg
287,     Asus    / Ноутбук ROG i7 16Gb 512Gb 3050Ti DOS [90NR0941-M002E0]             ,                    98 611 ₽                ,https://basket-12.wbbasket.ru/vol1711/part171184/171184641/images/c516x688/1.jpg
288,"  CHUWI    / Ноутбук Corebook X 14'',Intel i5-1235U, Win11 HOME             ",                    40 026 ₽                ,https://basket-10.wbbasket.ru/vol1510/part151049/151049766/images/c516x688/1.jpg
289,     lenovo    / Игровой ноутбук Legion Pro 7 16IRX8 [82WR000VRK]             ,                    205 784 ₽                ,https://basket-13.wbbasket.ru/vol1960/part196045/196045521/images/c516x688/1.jpg
290,     Acer    / Ноутбук EX215-22-R5D4 15.6 Ryzen 3 8Gb (NX.EG9ER.02M)             ,                    40 542 ₽                ,https://basket-10.wbbasket.ru/vol1497/part149763/149763680/images/c516x688/1.jpg
291,     Apple    / MacBook Air 13 M2 8 512 (Space Grey)             ,                    135 993 ₽                ,https://basket-12.wbbasket.ru/vol1722/part172229/172229456/images/c516x688/1.jpg
292,"  DIGMA    / Ноутбук EVE 15 C423 15.6"" Ryzen 3 3200U 16Gb SSD512Gb W11Pro             ",                    30 591 ₽                ,https://basket-10.wbbasket.ru/vol1530/part153035/153035406/images/c516x688/1.jpg
293,"     lenovo    / Ноутбук 82HL005TRK(Cel 15,6 1Тб 4Гб UMA noOS)             ",                    29 380 ₽                ,https://basket-10.wbbasket.ru/vol1388/part138864/138864375/images/c516x688/1.jpg
294,"  DIGMA    / Ноутбук EVE 15 C423 15.6"" Ryzen 3 3200U 8Gb SSD512Gb W11Pro             ",                    28 891 ₽                ,https://basket-12.wbbasket.ru/vol1811/part181176/181176233/images/c516x688/1.jpg
295,     Acer    / Ноутбук Aspire 3 A314-35 NX.A7SER.00G             ,                    29 648 ₽                ,https://basket-12.wbbasket.ru/vol1723/part172331/172331070/images/c516x688/1.jpg
296,     Apple    / MacBook Air 13 M2 8 256 (Space Grey)             ,                    107 433 ₽                ,https://basket-12.wbbasket.ru/vol1722/part172232/172232336/images/c516x688/1.jpg
297,     lenovo    / Ноутбук Legion 5 Pro             ,                    155 805 ₽                ,https://basket-13.wbbasket.ru/vol1964/part196451/196451519/images/c516x688/1.jpg
298,     Asus    / Ноутбук игровой VivoBook Pro 15 M6500QC-HN089             ,                    79 891 ₽                ,https://basket-10.wbbasket.ru/vol1403/part140304/140304110/images/c516x688/1.jpg
299,     Acer    / Ноутбук Aspire 3 A315-35 NX.A6LER.004             ,                    33 993 ₽                ,https://basket-12.wbbasket.ru/vol1723/part172331/172331046/images/c516x688/1.jpg
300,     lenovo    / Игровой ноутбук Legion Slim 5 16APH8 [82Y9001PRK]             ,                    88 732 ₽                ,https://basket-12.wbbasket.ru/vol1799/part179950/179950270/images/c516x688/1.jpg
301,  DIGMA    / Ноутбук Magnus M Ryzen 5 5600U 16Gb SSD512Gb W11P             ,                    52 691 ₽                ,https://basket-11.wbbasket.ru/vol1628/part162896/162896740/images/c516x688/1.jpg
302,  TopTrend    / Ноутбук FRBBY V16 Pro             ,                    25 925 ₽                ,https://basket-12.wbbasket.ru/vol1886/part188649/188649197/images/c516x688/1.jpg
303,     lenovo    / Игровой ноутбук Legion Pro 5 16IRX8 [82WK003VRK]             ,                    139 025 ₽                ,https://basket-13.wbbasket.ru/vol1960/part196045/196045518/images/c516x688/1.jpg
304,"  Ноутбук 14"" IPS 4-Ядра 8GB SSD 256GB    / Ноутбук 14"" 4-Ядра IPS 1920х1080 FHD RAM 8Gb SSD 256Gb             ",                    18 492 ₽                ,https://basket-13.wbbasket.ru/vol2023/part202373/202373744/images/c516x688/1.jpg
305,"     lenovo    / Ноутбук ThinkPad T480 i5-8250U 14""             ",                    32 663 ₽                ,https://basket-10.wbbasket.ru/vol1586/part158602/158602316/images/c516x688/1.jpg
306,"  Smartx    / Ноутбук 14.1"" W10pro SSD512GB Intel Celeron J4105 6 GB             ",                    21 705 ₽                ,https://basket-12.wbbasket.ru/vol1692/part169234/169234407/images/c516x688/1.jpg
307,     Infinix    / Inbook Y1 NEO XL30             ,                    27 668 ₽                ,https://basket-12.wbbasket.ru/vol1776/part177640/177640375/images/c516x688/1.jpg
308,"  Compolis    / Ноутбук 15.6"" IPS 4-Ядра 16GB SSD 512GB             ",                    31 900 ₽                ,https://basket-12.wbbasket.ru/vol1695/part169592/169592183/images/c516x688/1.jpg
309,     Asus    / Ноутбук Vivobook Go 14 E1404FA-EB045 [90NB0ZS2-M00670]             ,                    38 573 ₽                ,https://basket-13.wbbasket.ru/vol1965/part196503/196503330/images/c516x688/1.jpg
310,"  CHUWI    / Ноутбук Corebook X 14'',Intel i5-1235U, Win11 HOME             ",                    42 423 ₽                ,https://basket-10.wbbasket.ru/vol1510/part151049/151049767/images/c516x688/1.jpg
311,  MAIBENBEN    / Ноутбук P415 i3-1115G4 3000x2000 8ГБ+512ГБ Сенсорный экран             ,                    33 999 ₽                ,https://basket-12.wbbasket.ru/vol1827/part182780/182780413/images/c516x688/1.jpg
312,     Acer    / Игровой ноутбук Nitro 5 AN515-58-56W4 [NH.QFJER.002]             ,                    78 465 ₽                ,https://basket-12.wbbasket.ru/vol1723/part172331/172331047/images/c516x688/1.jpg
313,"  DeltaTech    / Ноутбук 15.6"" IPS 4-Ядра RAM DDR5 12GB SSD 512GB (M.2)             ",                    37 064 ₽                ,https://basket-10.wbbasket.ru/vol1594/part159496/159496818/images/c516x688/1.jpg
314,     Infinix    / Inbook Y1 PLUS 10TH XL28             ,                    35 692 ₽                ,https://basket-12.wbbasket.ru/vol1776/part177648/177648109/images/c516x688/1.jpg
315,"  DeltaTech    / Ноутбук игровой i7 1260P MX 550 16"" 20GB DDR4 SSD 512GB             ",                    72 924 ₽                ,https://basket-12.wbbasket.ru/vol1762/part176261/176261398/images/c516x688/1.jpg
316,"  DeltaTech    / Ноутбук сенсорный 15.6"" IPS 4-Ядра RAM 12GB DDR5 и SSD 512GB             ",                    52 014 ₽                ,https://basket-11.wbbasket.ru/vol1639/part163986/163986624/images/c516x688/1.jpg
317,     Asus    / Ноутбук ROG i7 16Gb 512Gb 3050Ti DOS [90NR0941-M002E0]             ,                    98 611 ₽                ,https://basket-12.wbbasket.ru/vol1711/part171184/171184641/images/c516x688/1.jpg
318,"  CHUWI    / Ноутбук Corebook X 14'',Intel i5-1235U, Win11 HOME             ",                    40 026 ₽                ,https://basket-10.wbbasket.ru/vol1510/part151049/151049766/images/c516x688/1.jpg
319,     lenovo    / Игровой ноутбук Legion Pro 7 16IRX8 [82WR000VRK]             ,                    205 784 ₽                ,https://basket-13.wbbasket.ru/vol1960/part196045/196045521/images/c516x688/1.jpg
320,     Acer    / Ноутбук EX215-22-R5D4 15.6 Ryzen 3 8Gb (NX.EG9ER.02M)             ,                    40 542 ₽                ,https://basket-10.wbbasket.ru/vol1497/part149763/149763680/images/c516x688/1.jpg
321,     Apple    / MacBook Air 13 M2 8 512 (Space Grey)             ,                    135 993 ₽                ,https://basket-12.wbbasket.ru/vol1722/part172229/172229456/images/c516x688/1.jpg
322,"  DIGMA    / Ноутбук EVE 15 C423 15.6"" Ryzen 3 3200U 16Gb SSD512Gb W11Pro             ",                    30 591 ₽                ,https://basket-10.wbbasket.ru/vol1530/part153035/153035406/images/c516x688/1.jpg
323,"     lenovo    / Ноутбук 82HL005TRK(Cel 15,6 1Тб 4Гб UMA noOS)             ",                    29 380 ₽                ,https://basket-10.wbbasket.ru/vol1388/part138864/138864375/images/c516x688/1.jpg
324,"  DIGMA    / Ноутбук EVE 15 C423 15.6"" Ryzen 3 3200U 8Gb SSD512Gb W11Pro             ",                    28 891 ₽                ,https://basket-12.wbbasket.ru/vol1811/part181176/181176233/images/c516x688/1.jpg
325,     Acer    / Ноутбук Aspire 3 A314-35 NX.A7SER.00G             ,                    29 648 ₽                ,https://basket-12.wbbasket.ru/vol1723/part172331/172331070/images/c516x688/1.jpg
326,     Apple    / MacBook Air 13 M2 8 256 (Space Grey)             ,                    107 433 ₽                ,https://basket-12.wbbasket.ru/vol1722/part172232/172232336/images/c516x688/1.jpg
327,     lenovo    / Ноутбук Legion 5 Pro             ,                    155 805 ₽                ,https://basket-13.wbbasket.ru/vol1964/part196451/196451519/images/c516x688/1.jpg
328,     Asus    / Ноутбук игровой VivoBook Pro 15 M6500QC-HN089             ,                    79 891 ₽                ,https://basket-10.wbbasket.ru/vol1403/part140304/140304110/images/c516x688/1.jpg
329,     Acer    / Ноутбук Aspire 3 A315-35 NX.A6LER.004             ,                    33 993 ₽                ,https://basket-12.wbbasket.ru/vol1723/part172331/172331046/images/c516x688/1.jpg
330,     lenovo    / Игровой ноутбук Legion Slim 5 16APH8 [82Y9001PRK]             ,                    88 732 ₽                ,https://basket-12.wbbasket.ru/vol1799/part179950/179950270/images/c516x688/1.jpg
